name	points	error	time(us)	time per city(us)	distance	optimal_distance
tsp225,225,1.960000,376685.000000,1674.160034,3992.860107,3916.000000
