name	points	error	time(us)	time per city(us)	distance	optimal_distance
pcb442,442,8.330000,101219.000000,229.000000,55006.988281,50778.000000
