name	points	error	time(us)	time per city(us)	distance	optimal_distance
tsp225,225,4.780000,16217.000000,72.080002,4103.149902,3916.000000
