name,distance,points,error,time(ms)
tsp225,4096.813477,225,4.617300,19.000000
