name,points,error,time(us),time per city(us),distance,optimal_distance
pcb442,442,7.470000,99259.000000,224.570007,54573.328125,50778.000000
